1,Deidra Manson, Software Engineering
2,Imelda Janise, English
3,Audie Porraz, Biology
4,Marlo Olbrish, Computer Engineering
5,Filiberto Catino, Computer Engineering
6,Kirstie Edison, Software Engineering
7,Sam Tomkins, Computer Engineering
8,Kaitlin Helmick, Biology
9,Johnathon Branin, Biology
10,Armando Gallina, Biology
11,Athena Vandeyacht, Statistics
12,Abbey Pritchell, Computer Science
13,Sanford Cerullo, Statistics
14,Ela Condo, Software Engineering
15,Suzi Paleo, Statistics
16,Edmundo Tahon, Mathematics
17,Lorinda Contini, Mathematics
18,Jeremy Carbary, Software Engineering
19,Shanda Belletto, Statistics
20,Donnie Amrine, Statistics
21,Rickie Legions, Computer Science
22,Melonie Guethle, Computer Science
23,Tillie Kalkman, Statistics
24,Miquel Hurlburt, Computer Science
25,Burton Rencher, Statistics
26,Jonah Cudmore, Biology
27,Stefanie Chalfin, Statistics
28,Rocky Terrio, Software Engineering
29,Shelley Rautenstrauch, Biology
30,Jack Perz, Computer Science
31,August Jeskie, Biology
32,Azzie Ordon, Computer Engineering
33,Shawn Ravel, Computer Science
34,Erich Blinka, Computer Engineering
35,Hilma Grasmuck, Computer Engineering
36,Olimpia Maceyak, English
37,Eddy Weiter, Statistics
38,Amos Czarkowski, Biology
39,Stacee Lathern, Computer Engineering
40,Jacquelynn Lecorchick, Statistics
41,Treva Soderstrom, Biology
42,Ahmad Nacisse, Biology
43,Jackqueline Desautelle, Computer Engineering
44,Ulrike Millian, Biology
45,Yer Eguizabal, English
46,Rebecca Swierk, Statistics
47,Graham Greigo, Biology
48,Anabel Rolff, English
49,Debi Stroik, Computer Science
50,Dotty Schock, Statistics
51,Jacqueline Phoubandith, Statistics
52,Tracy Chafetz, Mathematics
53,Cory Sprenger, Computer Engineering
54,Toney Saniger, Computer Science
55,Ok Treib, Statistics
56,Armand Deardurff, Biology
57,Kirk Stele, Computer Science
58,Gabrielle Tschoepe, Statistics
59,Luis Starkweather, Computer Science
60,Bo Sandhop, English
61,Bernardina Apa, Software Engineering
62,Anglea Peral, English
63,Aron Joo, Computer Engineering
64,Tyree Applebaum, Statistics
65,Jarred Demichele, Biology
66,Lakesha Bisconer, English
67,Albina Yamada, Computer Science
68,Desmond Ahern, Mathematics
69,Marisa Ahyou, Software Engineering
70,Spencer Maenner, Mathematics
71,Suzan Hendren, Software Engineering
72,Mindy Hefti, Mathematics
73,Michel Brimhall, Computer Engineering
74,Vicky Antos, English
75,Arden Johannessen, Software Engineering
76,Matilda Kaminsky, Computer Science
77,Chong Keyon, Computer Science
78,Carlene Meiler, Biology
79,Mathew Sortino, Computer Engineering
80,Shae Polselli, Computer Engineering
81,Connie Silevinac, Statistics
82,Jane Tutela, Computer Science
83,Angeline Calhoon, Biology
84,Cassey Frid, Biology
85,Gwenn Stlucien, Biology
86,Gregoria Gandolfi, Mathematics
87,Leandro Ottaway, English
88,Joy Abell, Software Engineering
89,Makeda Lammert, Software Engineering
90,Markus Peteet, Statistics
91,Zenaida Diones, Computer Engineering
92,Myrtice Hartford, Statistics
93,Linsey Zolla, Software Engineering
94,Keva Cadiz, Computer Science
95,Clint Math, Biology
96,Dusty Basden, Computer Science
97,Rebbeca Ramcharan, Computer Science
98,Alex Nickl, Statistics
99,Catherine Camburn, Computer Science
100,Vincenzo Bouleris, Biology

